{
  "agentfm-python/server.py": 1776020001.3895884,
  "agentfm-python/src/agentfm/models.py": 1774788932.6630325,
  "agentfm-python/src/agentfm/client.py": 1776466054.73547,
  "agentfm-python/src/agentfm/__init__.py": 1774550023.9077423,
  "agentfm-python/src/agentfm/crypto.py": 1773003184.2666128,
  "agentfm-python/src/agentfm/exceptions.py": 1772990187.0874445,
  "agentfm-python/src/agentfm/artifacts.py": 1774550040.3807797,
  "agentfm-python/src/agentfm/daemon.py": 1774820228.8623567,
  "agentfm-go/cmd/relay/main.go": 1776729967.8731847,
  "agentfm-go/cmd/agentfm/help.go": 1776730341.389759,
  "agentfm-go/cmd/agentfm/main.go": 1776730309.1360002,
  "agentfm-go/test/integration/telemetry_test.go": 1776497217.1247084,
  "agentfm-go/test/integration/doc.go": 1776497217.1242661,
  "agentfm-go/test/testutil/nvidia.go": 1776497217.1258943,
  "agentfm-go/test/testutil/sync.go": 1776497217.1263726,
  "agentfm-go/test/testutil/libp2p.go": 1776497217.1255531,
  "agentfm-go/test/testutil/doc.go": 1776497217.125142,
  "agentfm-go/test/testutil/zip.go": 1776497217.1268349,
  "agentfm-go/internal/types/types.go": 1776466054.733501,
  "agentfm-go/internal/network/discovery.go": 1776730249.2000926,
  "agentfm-go/internal/network/p2p.go": 1776730192.239632,
  "agentfm-go/internal/network/p2p_test.go": 1776497217.1201527,
  "agentfm-go/internal/network/artifacts_test.go": 1776497217.1196544,
  "agentfm-go/internal/network/swarmkey.go": 1773549812.2159817,
  "agentfm-go/internal/network/constants.go": 1776461236.8038497,
  "agentfm-go/internal/network/host.go": 1776730220.8088279,
  "agentfm-go/internal/network/swarmkey_test.go": 1776497217.1206477,
  "agentfm-go/internal/network/artifacts.go": 1776466054.7326138,
  "agentfm-go/internal/boss/boss.go": 1776730375.3286142,
  "agentfm-go/internal/boss/execute.go": 1776730409.8137264,
  "agentfm-go/internal/boss/ui.go": 1776466054.7321746,
  "agentfm-go/internal/boss/api_async.go": 1776730421.3003504,
  "agentfm-go/internal/boss/api_handlers.go": 1776730417.265569,
  "agentfm-go/internal/boss/api.go": 1776730093.8165624,
  "agentfm-go/internal/boss/boss_test.go": 1776497217.1187644,
  "agentfm-go/internal/boss/testhelpers_test.go": 1776497217.1191103,
  "agentfm-go/internal/boss/api_test.go": 1776497217.1182594,
  "agentfm-go/internal/utils/artifacts_test.go": 1776497217.1211965,
  "agentfm-go/internal/utils/artifacts.go": 1776729826.0272362,
  "agentfm-go/internal/version/version.go": 1776497743.3379495,
  "agentfm-go/internal/worker/handler.go": 1776729905.4914222,
  "agentfm-go/internal/worker/telemetry_test.go": 1776497217.1226285,
  "agentfm-go/internal/worker/worker.go": 1776466054.7351687,
  "agentfm-go/internal/worker/telemetry.go": 1776466054.734777,
  "agentfm-go/internal/worker/sandbox.go": 1776466054.7343547,
  "agentfm-go/internal/worker/handler_test.go": 1776497217.1222975,
  "agentfm-go/internal/worker/testhelpers_test.go": 1776497217.1229093,
  "agent-example/sick-leave-generator/agent/run.py": 1776020874.9906359,
  "agent-example/image-generator/flux_deploy.py": 1776121088.226548,
  "agent-example/image-generator/agent/run.py": 1774818762.9657438,
  "CODE_OF_CONDUCT.md": 1776100035.1187177,
  "README.md": 1776597621.0861192,
  "CONTRIBUTING.md": 1776101208.357915,
  "CLAUDE.md": 1776602052.0417457,
  "SECURITY.md": 1776100035.1207635,
  "agentfm-python/requirements.txt": 1774551330.2354255,
  "agentfm-python/README.md": 1773549812.3598926,
  "agentfm-go/test/README.md": 1776497217.123277,
  "agentfm-go/test/integration/README.md": 1776497217.1238022,
  "graphify-out/graph.html": 1776806452.5654457,
  "graphify-out/GRAPH_REPORT.md": 1776806444.8533485,
  "agent-example/sick-leave-generator/README.md": 1773865645.6631842,
  "agent-example/sick-leave-generator/agent/requirements.txt": 1773865649.5317802,
  "agent-example/image-generator/requirements.txt": 1776117863.0139756,
  "agent-example/image-generator/README.md": 1776164204.8409274,
  "agentfm-python/agentfm_artifacts/fallback_1773517650031472000/flux_image_194729.png": 1773517649.0,
  "assets/logo-git.png": 1776100035.1360846,
  "assets/image1.png": 1776171979.7686589,
  "assets/logo-ver-2.png": 1775246276.5835903,
  "assets/image2.png": 1776172000.9266524,
  "assets/logo-ver-1.png": 1775246257.3220098
}